"id","name","icon","created_at","updated_at"
51,Roller Splat!,aNatyyiNKA.jpg,"2020-08-20 08:18:58",
52,Rolly Legs,zkjkZIvaBj.jpg,"2020-08-20 08:19:05",
53,Cube Surfer!,qrTICTojIY.jpg,"2020-08-20 08:19:12",
54,Helix Jump,mZOtaRLUtm.jpg,"2020-08-20 08:21:54",
55,Mr Bullet - Spy Puzzles,CxaSJlDSYE.jpg,"2020-08-20 08:22:12",
56,Dune!,zgbaiCMRAj.jpg,"2020-08-24 05:10:18",
57,Twisty Road!,BEmfdzdcEk.jpg,"2020-08-24 05:12:30",
58,Run Sausage Run!,pEdKupdOMe.jpg,"2020-08-24 05:12:44",
59,Knife Hit,FvIZRgBmyA.jpg,"2020-08-24 05:13:11",
60,Splashy!,roRODMbNDR.jpg,"2020-08-24 05:13:25",
