"id","app_id","file_name","created_at","updated_at"
306,51,XJrscctNsw.jpg,"2020-08-20 08:19:02",
309,51,RussVmaozF.jpg,"2020-08-20 08:19:10",
311,51,iFQGZsnwTK.jpg,"2020-08-20 08:19:14",
315,51,iGLOpbUOpE.jpg,"2020-08-20 08:19:30",
318,51,MeRVjaRzLN.jpg,"2020-08-20 08:19:37",
307,52,GvbqzgexyA.jpg,"2020-08-20 08:19:09",
308,52,GpngCwFkDi.jpg,"2020-08-20 08:19:10",
310,52,ufFMoWdiTs.jpg,"2020-08-20 08:19:11",
312,53,yfroRODMbN.jpg,"2020-08-20 08:19:18",
313,53,PNRWCJPMHD.jpg,"2020-08-20 08:19:26",
314,53,AYORsUfUMA.jpg,"2020-08-20 08:19:29",
316,53,blmYYtEjVg.jpg,"2020-08-20 08:19:33",
317,53,bGGcnqbaER.jpg,"2020-08-20 08:19:36",
319,54,BADDvoxIfs.jpg,"2020-08-20 08:22:02",
320,54,mxIubeYTND.jpg,"2020-08-20 08:22:05",
321,54,DedMiyLpru.jpg,"2020-08-20 08:22:06",
322,54,gjhYeVwBTC.jpg,"2020-08-20 08:22:07",
323,54,XqwpzwVGqM.jpg,"2020-08-20 08:22:12",
324,55,eqkKHqgBpn.jpg,"2020-08-20 08:22:16",
325,55,HMLUIDjUMm.jpg,"2020-08-20 08:22:17",
326,55,SjMJjxzuai.jpg,"2020-08-20 08:22:18",
327,55,akqSwQpOQg.jpg,"2020-08-20 08:22:18",
328,55,aczAInLqLI.jpg,"2020-08-20 08:22:20",
329,55,LYHdaopovF.jpg,"2020-08-20 08:22:26",
330,55,exsFzXzrlc.jpg,"2020-08-20 08:22:33",
331,55,dJJFuyZHRC.jpg,"2020-08-20 08:22:35",
332,55,VvlGsXalGq.jpg,"2020-08-20 08:22:39",
333,56,tcuAxhxKQF.jpg,"2020-08-24 05:10:21",
334,56,jFbcXoEFfR.jpg,"2020-08-24 05:10:25",
335,56,LDnJObCsNV.jpg,"2020-08-24 05:10:35",
336,56,MaPEZQleQY.jpg,"2020-08-24 05:10:51",
337,56,yWJjPjzpfR.jpg,"2020-08-24 05:10:57",
338,56,otaFetHsbZ.jpg,"2020-08-24 05:11:09",
339,57,ZLCtTMtTCo.jpg,"2020-08-24 05:12:34",
340,57,iNKAReKJyi.jpg,"2020-08-24 05:12:38",
341,57,tNswYNsGRu.jpg,"2020-08-24 05:12:39",
342,57,zFZBsbOJiF.jpg,"2020-08-24 05:12:39",
343,57,TKSmVoiGLO.jpg,"2020-08-24 05:12:40",
344,58,RzLNTXYeUC.jpg,"2020-08-24 05:12:45",
345,58,bGyRAOmBTv.jpg,"2020-08-24 05:12:51",
346,58,jzaLbtZsyM.jpg,"2020-08-24 05:12:56",
347,58,tRzQMDQiYC.jpg,"2020-08-24 05:13:03",
348,58,OvgSeycJPJ.jpg,"2020-08-24 05:13:05",
349,58,fNjJhhjUVR.jpg,"2020-08-24 05:13:05",
350,58,gqVMkPYVkU.jpg,"2020-08-24 05:13:06",
351,59,XVbWGvbqzg.jpg,"2020-08-24 05:13:14",
352,59,yALBsdjSGp.jpg,"2020-08-24 05:13:19",
353,59,FkDifIBuuf.jpg,"2020-08-24 05:13:20",
354,59,diTskZoQJM.jpg,"2020-08-24 05:13:20",
355,59,CTojIYxyeS.jpg,"2020-08-24 05:13:20",
356,60,RWCJPMHDtJ.jpg,"2020-08-24 05:13:25",
357,60,ORsUfUMAps.jpg,"2020-08-24 05:13:32",
358,60,FbbGGcnqba.jpg,"2020-08-24 05:13:36",
359,60,EunUZjQXmZ.jpg,"2020-08-24 05:13:42",
360,60,LUtmYgmSVY.jpg,"2020-08-24 05:13:47",
